T,P,CoF,RPM,Filtration_rate
20,1,0.10000000000000003,1000,45
80,1,0.10000000000000003,1000,71
20,5,0.10000000000000003,1000,48
80,5,0.10000000000000003,1000,65
20,1,1.0,1000,68
80,1,1.0,1000,60
20,5,1.0,1000,80
80,5,1.0,1000,65
20,1,0.10000000000000003,2000,43
80,1,0.10000000000000003,2000,100
20,5,0.10000000000000003,2000,45
80,5,0.10000000000000003,2000,104
20,1,1.0,2000,75
80,1,1.0,2000,86
20,5,1.0,2000,70
80,5,1.0,2000,96
